Tags_Trends;Dia_Trend
#AHS7NoFX;2017-10-12
#JustLikeYouAtMidnight;2017-10-12
Dorival;2017-10-12
Clayson;2017-10-12
Felipe Santana;2017-10-12
Avai;2017-10-12
#Riverdale;2017-10-12
#PablloVittarNoLadyNight;2017-10-12
Sobis;2017-10-12
Ivan;2017-10-12
#QuintaDetremuraSdv;2017-10-12
Roger Bernardo;2017-10-12
O Vasco;2017-10-12
HOJE TEM FLAMENGO;2017-10-12
Marcelo Oliveira;2017-10-12
Carmen Lucia;2017-10-12
Ze Ricardo;2017-10-12
Rafael Moura;2017-10-12
O Sao Paulo;2017-10-12
Viva Nossa Senhora Aparecida;2017-10-12
Wellington;2017-10-12
Cazares;2017-10-12
Atletico Mineiro;2017-10-12
O Galo;2017-10-12
Militao;2017-10-12
Gremio;2017-10-12
3 PONTOS;2017-10-12
#DeixemNossasCriancasEmPaz;2017-10-12
#TheXFactorNoSony;2017-10-12
#MTVCatfishBR;2017-10-12
#ProfissaoReporter;2017-10-12
#Gugu;2017-10-12
#DiaDeFlu;2017-10-12
#MASCDoItMV;2017-10-12
