tags;dia
#FimDeAnoEuQuero;2017-10-26
AMANHA TEM STRANGER THINGS;2017-10-26
#SelenaxAMAs;2017-10-26
#QuintaDetremuraSdv;2017-10-26
#BoomBoom;2017-10-26
#RacaoNao;2017-10-26
Turismo;2017-10-26
Henry Cavill;2017-10-26
Paulinho Fonteles;2017-10-26
Mario Odyssey;2017-10-26
Menina de 12;2017-10-26
Forum Nacional de Controle;2017-10-26
Andre Valadao;2017-10-26
Disney Channel;2017-10-26
Henrique Eduardo Alves;2017-10-26
Instituto Federal;2017-10-26
Salgado Filho;2017-10-26
Tijuca Tenis Clube;2017-10-26
Cesar Cielo;2017-10-26
Chanyeol;2017-10-26
Couto;2017-10-26
Jogo Aberto;2017-10-26
Ilha Grande;2017-10-26
Janio de Freitas;2017-10-26
Quenia;2017-10-26
Operacao Lavat;2017-10-26
Reforma da Previdencia;2017-10-26
Sobis;2017-10-26
Rogerio Marinho;2017-10-26
#BuyWolvesNow;2017-10-26
#imortalJA;2017-10-26
#BBbomdia;2017-10-26
#ChaRouge;2017-10-26
#JudoAbuDhabi2017;2017-10-26
#MinCnoMorning;2017-10-26
#InYourPhone;2017-10-26
#MeaningOfLife;2017-10-26
#pensamentododia;2017-10-26
#edicao10;2017-10-26
#NiallTODAY;2017-10-26
#LatinAMAs;2017-10-26
#CASE2017;2017-10-26
#MaisVoce;2017-10-26
#SEEG2017;2017-10-26
#redacaosportv;2017-10-26
#ReformaTrabalhistaSIM;2017-10-26
#THE_CODE;2017-10-26
#enaldinho;2017-10-26
#SportNaSula;2017-10-26
#CopaEIGames;2017-10-26
Henrique Alves;2017-10-26
Clima;2017-10-26
#MalhacaoNoVIVA;2017-10-26
#VemQueTem;2017-10-26
